{"accuracy": 0.8005677785663591, "precision": 0.6466876971608833, "recall": 0.5481283422459893, "f1": 0.5933429811866859, "report": "              precision    recall  f1-score   support\n\n           0       0.85      0.89      0.87      1035\n           1       0.65      0.55      0.59       374\n\n    accuracy                           0.80      1409\n   macro avg       0.75      0.72      0.73      1409\nweighted avg       0.79      0.80      0.80      1409\n"}