{"tenure": {"mean": 32.37114865824223, "scale": 24.55773742286344}, "MonthlyCharges": {"mean": 64.76169246059918, "scale": 30.087910854936975}, "TotalCharges": {"mean": 2281.9169281556156, "scale": 2265.1095756217046}}